653346,United States of America
929590,Finland
929590,United Kingdom
929590,United States of America
823464,United States of America
719221,United States of America
614933,United States of America
746036,Australia
746036,United States of America
573435,United States of America
437342,United States of America
940721,Japan
1022789,United States of America
786892,United States of America
786892,Australia
693134,United States of America
882059,United States of America
1011985,United States of America
1219685,France
969686,United States of America
748783,Hong Kong
748783,India
748783,United Kingdom
748783,United States of America
872585,United Kingdom
872585,United States of America
385687,United States of America
1041613,United States of America
7451,United States of America
7451,Czech Republic
984324,Belgium
984324,France
438631,United States of America
335983,China
335983,United States of America
414906,United States of America
1010581,Spain
346698,United Kingdom
346698,United States of America
218,United Kingdom
218,United States of America
150540,United States of America
284053,United States of America
940551,United States of America
577922,United Kingdom
577922,United States of America
298618,United States of America
978592,United States of America
348,United States of America
348,United Kingdom
508947,United States of America
293660,United States of America
603,United States of America
760104,United States of America
660360,South Korea
405774,United States of America
11,United States of America
634492,United States of America
1096197,United Kingdom
43074,United States of America
10138,United States of America
475557,Canada
475557,United States of America
996154,Bulgaria
996154,Netherlands
996154,United Kingdom
263115,United States of America
297762,United States of America
299537,United States of America
1147400,Canada
1147400,France
1147400,South Korea
1147400,United Kingdom
284054,United States of America
1366,United States of America
126889,United Kingdom
126889,United States of America
62,United Kingdom
62,United States of America
27205,United Kingdom
27205,United States of America
680,United States of America
16320,United States of America
141,United States of America
490132,United States of America
206647,United Kingdom
206647,United States of America
967847,United States of America
739547,United States of America
49047,United Kingdom
49047,United States of America
359410,United States of America
400928,United Kingdom
400928,United States of America
617127,United States of America
1700,United States of America
1093995,United States of America
843527,United States of America
699280,United States of America
106,Mexico
106,United States of America
807,United States of America
381288,United States of America
329865,United States of America
601796,South Korea
526896,United States of America
615777,United States of America
5548,United States of America
1701,United States of America
1094844,United States of America
320288,United States of America
157336,United Kingdom
157336,United States of America
1924,Switzerland
1924,United Kingdom
1924,United States of America
597891,United States of America
339846,United States of America
955555,South Korea
609681,United States of America
378018,Canada
76341,Australia
76341,United States of America
15,United States of America
68730,Mexico
68730,Taiwan
68730,United States of America
284052,United States of America
2666,Australia
2666,United States of America
1211728,Argentina
1211728,New Zealand
1087388,Australia
1087388,United States of America
9482,United States of America
395990,United States of America
103,United States of America
934632,United States of America
787699,United Kingdom
787699,United States of America
16281,United States of America
399170,United States of America
1111966,Canada
794,United States of America
794,United Kingdom
38700,United States of America
424139,United States of America
1111873,United States of America
1107387,China
920342,China
578,United States of America
339403,United Kingdom
339403,United States of America
635,Canada
635,United Kingdom
635,United States of America
866398,United Kingdom
866398,United States of America
64635,Canada
64635,India
64635,United States of America
297802,United States of America
447200,United States of America
111,United States of America
766507,United States of America
235,United States of America
620,United States of America
287947,United States of America
141052,United States of America
829,United States of America
639720,United States of America
119450,United Kingdom
119450,United States of America
383498,United States of America
391713,United States of America
34152,United States of America
27579,United Kingdom
27579,United States of America
315635,United States of America
1105407,United Kingdom
1105407,United States of America
937287,Italy
937287,United States of America
634521,Japan
14564,United States of America
369885,China
369885,United States of America
369885,United Kingdom
10155,France
10155,United States of America
9348,United States of America
198184,United States of America
474350,United States of America
299536,United States of America
36647,United States of America
615457,United States of America
439079,United States of America
1284004,United States of America
480530,United States of America
621,United Kingdom
621,United States of America
861,United States of America
861,Mexico
489,United States of America
62215,Denmark
62215,France
62215,Germany
62215,Sweden
301337,United States of America
580489,United States of America
845111,Belgium
845111,France
845111,Germany
845111,Spain
634649,United States of America
282035,China
282035,Japan
282035,United States of America
505948,Australia
281338,United States of America
948,United States of America
395458,China
395458,United States of America
2756,United States of America
497698,United States of America
76600,United States of America
1057001,South Korea
299534,United States of America
1211307,Mexico
13765,United Kingdom
419430,United States of America
1001311,France
346364,United States of America
346364,United States of America
862,United States of America
407448,United States of America
68721,United States of America
4233,United States of America
426563,United States of America
400106,United States of America
525,United States of America
765,United States of America
447332,United States of America
519182,United States of America
376866,Chile
376866,China
376866,France
376866,United States of America
969492,Australia
969492,Czech Republic
969492,United States of America
763215,United States of America
550,Germany
550,United States of America
420818,United States of America
1022796,United States of America
1012201,Japan
38147,United States of America
1151703,United States of America
935271,United States of America
926393,Italy
926393,United States of America
75174,United Kingdom
75174,United States of America
951491,United States of America
976906,United Kingdom
696,United States of America
34851,United States of America
935999,United Kingdom
670292,Canada
670292,United States of America
961,United States of America
505642,United States of America
19,Germany
9802,United States of America
667538,United States of America
677179,United States of America
2142,United States of America
264660,United Kingdom
264660,United States of America
514847,Japan
514847,United States of America
424783,China
424783,United States of America
1127108,Sweden
323260,Hong Kong
61791,United Kingdom
61791,United States of America
1034751,Spain
1034751,United States of America
769,United States of America
1375,United States of America
910,United States of America
540901,United States of America
274855,Canada
274855,Hong Kong
274855,United States of America
502356,Japan
502356,United States of America
1239251,United States of America
464052,United States of America
531309,United States of America
1209288,United States of America
1025463,Brazil
856289,China
473033,United States of America
812037,France
812037,Norway
275,United Kingdom
275,United States of America
550988,United States of America
8920,United States of America
567797,Australia
567797,United Kingdom
567797,United States of America
1062807,Japan
1072790,United States of America
339404,United States of America
398978,United States of America
912649,United States of America
169,United States of America
9003,United Kingdom
9003,United States of America
603692,Germany
603692,United States of America
87101,Canada
87101,United States of America
1892,United States of America
792307,Ireland
792307,United Kingdom
792307,United States of America
9737,United States of America
1374,United States of America
345,United Kingdom
345,United States of America
14,United States of America
4232,United States of America
1027535,Spain
949,United States of America
167073,Canada
167073,Ireland
167073,United Kingdom
395834,France
395834,United Kingdom
395834,United States of America
569094,United States of America
804095,United States of America
1128992,Peru
720321,United States of America
16288,United States of America
340102,United States of America
402900,United States of America
1642,United States of America
618588,Canada
618588,United States of America
804150,United States of America
436969,United States of America
1142414,United States of America
28966,United States of America
319,France
319,United States of America
8467,United States of America
793,United States of America
274870,United States of America
293167,China
293167,United States of America
8009,United Kingdom
8009,United States of America
976573,United States of America
297761,United States of America
334524,United States of America
453405,China
453405,Colombia
453405,Hungary
453405,United States of America
401898,Denmark
401898,France
401898,Norway
401898,Sweden
8961,United States of America
34223,United States of America
401981,Hungary
401981,United States of America
799583,United Kingdom
799583,United States of America
792,United Kingdom
792,United States of America
1067833,Argentina
998846,United Kingdom
998846,United States of America
11974,United States of America
3767,United States of America
616037,United States of America
1124,United Kingdom
1124,United States of America
1635,United States of America
315162,United States of America
324786,United States of America
70981,United Kingdom
70981,United States of America
244786,United States of America
1156593,Spain
168098,United States of America
2103,United States of America
821937,Vietnam
246655,United States of America
1171462,Japan
1155089,United States of America
36669,Spain
36669,United Kingdom
36669,United States of America
39538,United States of America
39538,United Arab Emirates
301528,United States of America
437557,China
437557,Japan
437557,United States of America
378236,United States of America
1231574,Japan
1726,United States of America
272,United Kingdom
272,United States of America
1547,United States of America
10764,United Kingdom
10764,United States of America
10803,United States of America
1216299,United States of America
1239146,United States of America
1077280,United States of America
262504,United States of America
841,United States of America
619264,Spain
298250,United States of America
948549,United Kingdom
948549,United States of America
1422,Hong Kong
1422,United States of America
13,United States of America
14160,United States of America
11808,United States of America
547012,United States of America
9480,Switzerland
9480,United States of America
289,United States of America
9480,Switzerland
9480,United States of America
289,United States of America
241848,United States of America
1294849,Chile
615656,China
615656,United States of America
20766,United States of America
424694,United Kingdom
424694,United States of America
1127166,Italy
476669,United Kingdom
476669,United States of America
753342,United States of America
1115395,Poland
671,United Kingdom
671,United States of America
24032,United States of America
850888,Chile
1029575,United States of America
1108354,France
642885,United States of America
5876,United States of America
784651,India
1049948,United Kingdom
500475,United States of America
593910,United States of America
567609,United States of America
1008437,South Korea
1008437,United States of America
19959,United States of America
809,United States of America
1181548,South Africa
346910,Canada
346910,United States of America
15739,United States of America
549053,United Kingdom
549053,United States of America
361743,United States of America
639933,United States of America
447365,United States of America
299054,Bulgaria
299054,France
299054,United States of America
2362,United States of America
327331,United States of America
572802,United States of America
85350,United States of America
695721,United States of America
624860,United States of America
420817,United States of America
13597,United Kingdom
13597,United States of America
354912,United States of America
575264,United States of America
869,United States of America
343674,United States of America
414,United States of America
61108,France
242,United States of America
61856,United States of America
938614,Australia
938614,United Arab Emirates
938614,United States of America
654739,South Korea
646380,United States of America
508883,Japan
619979,United States of America
10576,United States of America
436270,United States of America
897087,United States of America
932420,Canada
932420,United States of America
18,France
18,United Kingdom
18,United States of America
3080,United States of America
504608,United Kingdom
504608,United States of America
484718,United States of America
68718,United States of America
509,United Kingdom
509,United States of America
808,United States of America
845783,Germany
845783,United Kingdom
585,United States of America
335984,Canada
335984,United Kingdom
335984,United States of America
1417,Mexico
1417,Spain
1417,United States of America
565770,United States of America
109428,United States of America
1125311,United States of America
901362,United States of America
240,United States of America
762441,United States of America
9303,United States of America
2640,United States of America
213,United States of America
505600,United States of America
157433,United States of America
893723,Canada
893723,France
893723,United States of America
568124,United States of America
870404,United States of America
339988,France
339988,United Arab Emirates
339988,United States of America
415,United States of America
4011,United States of America
455207,United States of America
223702,Canada
223702,United States of America
1093231,United States of America
829557,Poland
338947,United States of America
238,United States of America
433249,United States of America
955916,United States of America
11470,United States of America
673,United Kingdom
673,United States of America
86829,France
86829,United Kingdom
513310,United Kingdom
513310,United States of America
425909,Canada
425909,United States of America
369557,Ireland
369557,United Kingdom
369557,United States of America
149,Japan
637649,United Kingdom
637649,United States of America
1211483,Canada
188927,United States of America
664,United States of America
467244,Poland
467244,United Kingdom
467244,United States of America
269149,United States of America
120,New Zealand
120,United States of America
354287,United States of America
1263421,Japan
507086,United States of America
446354,India
446354,United States of America
50014,India
50014,United Arab Emirates
50014,United States of America
411,United Kingdom
411,United States of America
411,United Kingdom
411,United States of America
588228,United States of America
504949,Australia
504949,United States of America
273477,United States of America
384521,United States of America
424121,United States of America
424121,United Kingdom
278,United States of America
22,United States of America
412656,Canada
412656,Hong Kong
412656,United States of America
22450,United States of America
341006,United States of America
597,United States of America
12153,United States of America
310307,Greece
310307,United States of America
1930,United States of America
758679,Belgium
758679,United Kingdom
758679,United States of America
418078,United States of America
152601,United States of America
345887,United States of America
848538,United Kingdom
848538,United States of America
49863,United States of America
974635,United States of America
630004,France
630004,Spain
857,United States of America
626412,South Korea
8587,United States of America
12,United States of America
290859,China
290859,United States of America
2667,United States of America
507089,United States of America
980489,United States of America
1730,France
1730,Poland
1730,United States of America
260346,France
260346,United States of America
1028703,United States of America
9602,United States of America
271110,United States of America
466420,United States of America
198663,United States of America
198663,United Kingdom
353081,United States of America
484641,France
484641,Guadaloupe
484641,Russia
484641,Serbia
484641,United States of America
1061990,Japan
877,United States of America
980026,Denmark
980026,Germany
980026,Norway
980026,Sweden
871,United States of America
456740,Bulgaria
456740,Canada
456740,France
456740,Portugal
456740,United States of America
99861,United States of America
19995,United States of America
19995,United Kingdom
557,United States of America
353491,United States of America
14836,United States of America
49521,United Kingdom
49521,United States of America
447277,United States of America
438695,United States of America
629176,United States of America
855,United Kingdom
855,United States of America
4032,United States of America
926,United States of America
74,United States of America
782,United States of America
1139829,United States of America
12502,United States of America
1192209,Brazil
1192209,India
672,United Kingdom
672,United States of America
9100,United States of America
122917,New Zealand
122917,United States of America
393519,Belgium
393519,France
393519,United States of America
675353,Japan
675353,United States of America
429617,United States of America
545609,United States of America
9603,United States of America
453395,United States of America
537915,United States of America
933131,South Korea
381284,United States of America
387426,South Korea
387426,United States of America
984249,United States of America
1008042,Australia
1008042,United Kingdom
8077,United States of America
785084,United States of America
515195,United Kingdom
515195,United States of America
438148,United States of America
452507,United States of America
39254,United States of America
39254,India
863,United States of America
425,United States of America
976893,Germany
976893,Japan
246403,Canada
246403,United States of America
1075794,Australia
1075794,United States of America
718444,South Africa
718444,United States of America
718444,United Kingdom
1026436,United States of America
646207,Canada
646207,United States of America
981,United States of America
401371,Germany
401371,United Kingdom
974036,United States of America
338766,United States of America
296096,United States of America
38757,United States of America
713704,Ireland
713704,New Zealand
713704,United States of America
109445,United States of America
406761,United Kingdom
406761,United States of America
122,New Zealand
122,United States of America
106646,United States of America
3604,Italy
3604,Netherlands
3604,United Kingdom
3604,United States of America
674,United Kingdom
674,United States of America
16869,France
16869,Germany
16869,United States of America
851644,South Korea
138843,United States of America
155,United Kingdom
155,United States of America
664341,United Kingdom
664341,United States of America
20352,United States of America
58,United States of America
4488,United States of America
2246,United States of America
698835,Japan
12445,United Kingdom
12445,United States of America
6950,United States of America
829560,Poland
72808,Italy
177572,United States of America
210577,United States of America
8469,United States of America
12444,United Kingdom
12444,United States of America
709,United Kingdom
709,United States of America
661374,United States of America
11688,United States of America
607,United States of America
9502,United States of America
1212073,Germany
598,Brazil
598,France
598,Germany
598,United States of America
673593,United States of America
756999,United States of America
745,United States of America
802219,United States of America
335977,United States of America
873972,United States of America
254320,France
254320,Greece
254320,Ireland
254320,Netherlands
254320,United Kingdom
1139566,Spain
280,France
280,United States of America
560016,Canada
560016,Singapore
560016,United States of America
10674,United States of America
954,United States of America
581528,South Korea
399566,United States of America
9423,United States of America
9423,United Kingdom
9423,Germany
9423,Japan
9423,France
13183,United States of America
376134,United States of America
81672,Italy
675,United Kingdom
675,United States of America
767,United Kingdom
767,United States of America
419479,United States of America
359724,United States of America
210479,United Kingdom
210479,United States of America
8966,United States of America
651,United States of America
87818,United States of America
708,United Kingdom
708,United States of America
11635,United States of America
812,United States of America
1063879,France
838240,France
838240,Spain
13763,United States of America
592695,France
592695,Netherlands
592695,Sweden
216015,United States of America
848326,United States of America
8078,United States of America
8078,France
334,United States of America
501170,United States of America
968051,United States of America
345938,United States of America
849509,United States of America
399579,United States of America
2062,United States of America
76338,United States of America
937746,Belgium
937746,France
937746,Italy
646,United Kingdom
1056380,Spain
1131751,Germany
1022690,Australia
1022690,United Kingdom
1022690,United States of America
129,Japan
381518,United Kingdom
333663,United Kingdom
945961,United States of America
1368,United States of America
602,United States of America
1014590,United Kingdom
1014590,United States of America
131631,United States of America
500664,Australia
500664,United States of America
1124127,United States of America
25199,United States of America
302946,United States of America
985939,United States of America
985939,United Kingdom
799155,India
4935,Japan
13850,United States of America
40132,Italy
8681,France
8681,United States of America
678,United States of America
679,United States of America
73835,Italy
370464,United States of America
1865,United Kingdom
1865,United States of America
496450,China
496450,France
667,United Kingdom
667,United States of America
10195,United States of America
324857,United States of America
105,United States of America
11428,United States of America
285,United States of America
335988,United States of America
91314,United States of America
228150,United States of America
121,New Zealand
121,United States of America
497,United States of America
124905,United States of America
762430,France
762430,Germany
762430,United States of America
1241982,Canada
1241982,United States of America
384018,United States of America
1621,United States of America
214756,United States of America
37135,United States of America
2019,United States of America
390845,South Korea
585083,United States of America
1151534,Spain
697843,Austria
697843,United States of America
156022,United States of America
832262,Australia
832262,United States of America
885303,Italy
321697,United Kingdom
321697,United States of America
811,United States of America
41446,United States of America
330457,United States of America
442249,United States of America
947,United Kingdom
10144,United States of America
7340,United States of America
14001,United States of America
438799,Canada
438799,United States of America
10192,United States of America
102382,United States of America
10681,United States of America
177677,United States of America
102382,United States of America
10681,United States of America
177677,United States of America
585511,Spain
585511,United States of America
1257750,Kuwait
1257750,Lebanon
533642,Canada
533642,United States of America
50620,United States of America
630240,Belgium
630240,France
181808,United States of America
8913,United States of America
559,United States of America
73723,Japan
73723,United States of America
345922,United States of America
396371,United States of America
508943,United States of America
50270,Italy
296523,United States of America
522016,France
522016,Hong Kong
522016,Morocco
522016,Taiwan
522016,United States of America
11224,United States of America
373571,China
373571,Japan
373571,United States of America
290250,United States of America
9739,United States of America
253935,France
508,France
508,United Kingdom
508,United States of America
445651,United States of America
38365,United States of America
931642,United States of America
820525,United States of America
483685,Japan
260514,United States of America
68726,United States of America
1032372,Canada
1032372,United Kingdom
882569,United Kingdom
882569,United States of America
463053,United States of America
937278,Sweden
937278,United States of America
1046090,Taiwan
50619,United States of America
820232,Japan
59053,Italy
551115,Netherlands
13703,United States of America
718930,United States of America
635302,Japan
520763,United States of America
646385,United States of America
28178,United Kingdom
28178,United States of America
150689,United Kingdom
150689,United States of America
594767,United States of America
245891,United States of America
655,France
655,Germany
655,United Kingdom
927107,United States of America
1006540,United States of America
593643,United States of America
370663,Canada
21309,United States of America
1015303,Canada
1015303,United Kingdom
1015303,United States of America
18785,United States of America
31507,United States of America
1143319,United States of America
438493,United States of America
663712,United States of America
127585,United States of America
32629,Hong Kong
379149,China
379149,India
379149,United Kingdom
379149,United States of America
333371,United States of America
546554,United States of America
587807,United States of America
315837,China
315837,Hong Kong
315837,India
315837,United States of America
9659,Australia
118,United Kingdom
118,United States of America
72190,Malta
72190,United Kingdom
72190,United States of America
62177,United States of America
453,United States of America
6844,United States of America
10589,United States of America
818647,Spain
395992,United States of America
49026,United States of America
1079485,United Kingdom
37233,United States of America
277216,United Kingdom
277216,United States of America
11298,United States of America
823482,United States of America
10191,United States of America
10625,United States of America
205587,United States of America
1091,United States of America
455980,United States of America
321612,United States of America
427641,United States of America
11324,United States of America
24021,United States of America
1027073,Belgium
1027073,France
1027073,Ireland
1027073,Switzerland
1027073,United States of America
508442,United States of America
566525,United States of America
107,United Kingdom
107,United States of America
298382,Australia
900667,Japan
11527,United Kingdom
11527,United States of America
268,United States of America
374720,United Kingdom
374720,United States of America
14161,United States of America
459003,Ukraine
207703,United Kingdom
207703,United States of America
483686,Japan
1094556,United States of America
37165,United States of America
9289,United States of America
7299,United States of America
65,Germany
65,United States of America
396422,United States of America
561,Germany
561,United States of America
49013,United States of America
98566,United States of America
888768,Germany
694,United Kingdom
694,United States of America
11072,United States of America
1022128,Malaysia
865,United States of America
988078,Spain
953,United States of America
227306,United States of America
339405,United States of America
982940,United States of America
82702,United States of America
1081620,United States of America
9741,United States of America
934433,United States of America
102899,United States of America
355338,United States of America
11976,United States of America
11976,United Kingdom
13633,United Kingdom
13633,United States of America
51971,France
135397,United States of America
652,United States of America
652,Malta
652,United Kingdom
1076364,United States of America
840326,Finland
840326,United Kingdom
840326,United States of America
810693,Japan
493922,United States of America
539972,United States of America
340275,United States of America
292011,United States of America
587792,United States of America
1010600,United Kingdom
1010600,United States of America
433808,Canada
433808,United Kingdom
433808,United States of America
247,United States of America
283995,United States of America
791373,United States of America
899445,France
899445,United Kingdom
899445,United States of America
93456,United States of America
1175156,Italy
506574,United States of America
399055,United States of America
168259,United States of America
420634,United States of America
36557,United Kingdom
36557,United States of America
334521,United Kingdom
3933,United Kingdom
3933,United States of America
339419,United Kingdom
339419,United States of America
88,United States of America
810,United States of America
11797,United States of America
337404,United States of America
678512,United States of America
678512,United States of America
914,United States of America
12155,United States of America
1248795,Turkey
1227816,United States of America
176,United States of America
286217,United Kingdom
286217,United States of America
4723,Germany
4723,United States of America
4723,France
116776,Japan
337167,United States of America
423108,United States of America
798612,United States of America
614930,Canada
614930,France
614930,United States of America
109418,United States of America
916224,Japan
341174,Japan
341174,United States of America
184315,Hungary
184315,United States of America
13475,United States of America
7555,Germany
7555,United States of America
522162,Canada
522162,Hong Kong
522162,United States of America
9513,United Kingdom
9513,United States of America
850165,United Kingdom
850165,United States of America
10020,United States of America
259693,United States of America
640146,United States of America
429,United States of America
429,Italy
429,Spain
429,Germany
520758,United Kingdom
72105,United States of America
370172,United Kingdom
370172,United States of America
944401,France
251,United States of America
8741,Japan
8741,United States of America
8741,Belgium
8741,Canada
545611,United States of America
961323,United Kingdom
961323,United States of America
101,United States of America
101,France
2105,United States of America
628,United States of America
243688,United States of America
389,United States of America
758323,United States of America
316029,United States of America
522938,China
522938,United States of America
581726,United States of America
630586,Germany
630586,United States of America
630586,United Kingdom
49051,New Zealand
49051,United States of America
334541,United States of America
372058,Japan
260513,United States of America
10198,United States of America
8536,United Kingdom
8536,United States of America
8536,Canada
956,United States of America
683361,Finland
906126,Spain
906126,United States of America
1273196,United States of America
11036,United States of America
328425,Australia
328425,United States of America
30197,United States of America
324552,United States of America
140607,United States of America
38,United States of America
760774,United Kingdom
1103,United Kingdom
1103,United States of America
50124,Italy
9806,United States of America
324852,United States of America
49444,United States of America
9426,Canada
9426,United States of America
8355,United States of America
78,United States of America
78,Hong Kong
78,United Kingdom
384527,Italy
500,United States of America
158852,United States of America
1040148,United States of America
40978,France
957304,United Kingdom
957304,United States of America
640,United States of America
212778,United States of America
56386,Italy
994,United States of America
994,United Kingdom
76492,United States of America
843380,Canada
843380,United States of America
240832,France
744275,France
744275,United States of America
744275,Bulgaria
390043,Bulgaria
390043,Canada
390043,France
390043,Hong Kong
390043,Netherlands
390043,United States of America
11977,United States of America
209112,United States of America
24584,United Kingdom
